troy.schotter,HS:DR280GKH;1>6JGL7N7
matthew.ward,3D>Q8IV4JTUXFZ3D9T30A
victoria.parker,L/D/OADC8HI@AMO;9;E:R
daniel.williams,R4:I9X<OC/:PX0?5J5=@:
jose.jackson,RAGMR=<E@ZM2?1:E>G57<
justin.cruz,1XN1R2V9YP6S1MQGLP=?2
grace.murphy,IAQKT1MQ;IYX2@2D17/M0
timothy.hughes,;K83F;UCBMNH3?HCI4PPG
jessica.gray,GYLWX<WC>Q4O8PJQTQT;<
melissa.howard,:>Y1SFWQM8XBABXQEMLTI
andrew.james,7YEV7KZ98OG2Y<C406Y6B
janice.long,7XI2TPMUKG>35LNJR>=K>
nathan.howard,T:OCED0B>CYUCJUVMEWD>
sandra.morris,B;@VOKL/LO@/@@RJEG34Z
megan.flores,V?536Q0ZEG1>KZRYLK5K/
diane.cox,1CTVM9I<6SNC4WHGC36?:
billy.gonzales,5YSHY083A1?P>5Y9DOYHZ
eric.martin,B1ZR3@CIUQXAHJEAV6VV/
jean.jimenez,O7Z@ODXVC8?WQHIY4D5@A
beverly.lopez,WH76HFC@UI>0<LP2N56R9
gary.nguyen,?/U0@PD0G7997<<?OK7FK
dorothy.cruz,R91Z36;BKT/PPN@QKU2RC
robert.perez,MPC35JCVAX;/=HFT3GU1J
rachel.davis,XB7KKF6S=GJH@V:YBVGTO
thomas.wright,FDJ2/EA=R>Q@VFV593</G
amy.castillo,E3Z9?CKVF4QM4EV8SBV7:
tyler.walker,GD7K2A=FS52L6S4E1Q@@5
patricia.lewis,CE;>PVGLLOG0C4>?K3/J=
laura.morgan,CBX3WNE?QKQR3RW=V=>2O
aaron.campbell,J9<==L808QK8S;L=EUIFY
janet.phillips,1C/PMV22ML391B5LWPM?Z
mark.hall,PYOTBEIW18IZP@CH:=GR>
larry.harris,>BWV2W<=NZCOO88PH5NS<
edward.murphy,CQ;1KCQP>I<M;4M440U9/
richard.robinson,K@D=US9/0VSE3F2MLAF5H
donna.anderson,W8M2I4E=KF/ZDBPTYOUY5
eugene.kim,<?BO5N2Q/2X<2VXEY9X?>
albert.king,XB0/@5/DD@ZFQ<JTS/4WA
kathleen.johnson,1UTB0A/EYOW<8SA8T:KNH
mary.taylor,FX8087QR185F7QKO@1@=4
deborah.ruiz,/7904:TEJAOXD3N:D=JFZ
helen.miller,CBT6J=K:G1H1C5?66P<>J
judy.adams,F9PYQFQYUJFJ64:TSY3GV
joseph.gray,IFT=44L1W/JI5U/:F9OYT
david.mitchell,P7J4QMA<7FR8C?OIMFG/1
marie.jones,T;>DOR>HGCGGSH7N?K8Z<
diana.brooks,9K:IA6:2TJKET/J?ZRANP
ashley.castillo,YC?XBK7FWAY6XHUIV7UN2
elijah.peterson,;EX1@52HIS:IWFWH2WPEZ
lisa.hill,=?P5/O7338DZ1/KKSC?/T
bryan.hall,>6;18>P/NKQ@?PDJD=OA8
amber.harris,7EC0P9YIQP6<BF52GS<RV
patrick.rodriguez,<>X0OPB?:<>OZL3O90<FB
gregory.ruiz,25SJW7LTB68Y7P/R2?G<S
kenneth.cooper,T@?X/DB33G@LT?0DGE7<L
donald.walker,QAG9VLO?/O055;<Z<Y@9S
marilyn.watson,82TP;E<MK9D0G6ETODTYV
sean.gray,YUON;E?V5AF;2ADJ<I9;E
judith.robinson,NUFL3KL=BFP89;JU=NP1?
margaret.james,RNGIBMLA22DNJS2N1U5YK
zachary.mitchell,@?SR3CJW/LGQPZS86NTWM
abigail.carter,S=IPC0UD3KP2V5Y@XTHWE
julia.moore,61W0A0I;1MMDWXU@NWL0P
nancy.johnson,S<GMBT:PN2JBSDLS>?ECJ
rose.ramos,8NQG0Q40VGWF3NH5AT1E0
henry.roberts,DLMI=?XYX610SK6308NJI
russell.walker,608/4X7AG0H2Y9D?<3ABO
hannah.garcia,8A=9/2TT@6X7SB2TMK76U
kimberly.stewart,0CJO/MG:R6L4/AGZ?T92Y
vincent.williams,JMMVC16W:X<POK=PETYWG
andrea.alvarez,Z<Z=KZ>7J<7W5GXQ@P07I
maria.peterson,LT6AFG:SX188322N57DLL
cheryl.cooper,O0@5RTD1LF@Q?>DBS9</P
gloria.chavez,J=40LAA6JOOT11WNQF00<
willie.martin,</R>H6L0M?XL3FS82IGNO
kayla.nelson,:FB9@2<93WXXW=V;R0YVS
emily.myers,ABDAEAVDN1B1/UC5NB7R@
anna.clark,AXZ@;WONY7;2>2EAEB2NY
jennifer.diaz,NB=MDL0E16N:CQ5FRTX:0
carolyn.mitchell,/?TE:92KMBZFQIGY@=GSW
jacob.ramos,A07IW7KXES<X23DL4:2Z3
sophia.sanders,T;ZBX<M;=KYWS5X/<I2F1
alice.moore,GYE7TEGPJQ2QO9WV3NVR<
theresa.baker,T?MK>HPTN8:;R6QYK6EUJ
betty.hall,;S?1TWP?9STTY05Z8BTGO
jack.morris,9H;V8AW4XPX0MW3BIKN9X
sarah.thompson,O/8XJ<Z:HJJ2JW9UA6JV7
lawrence.adams,ZY:ZTQ0>06</<TAK3:EWR
scott.thompson,11GJZ0FJ?2C31==SSR4>E
william.jackson,>:78EHW:3U7B;B1O7WXKK
adam.perez,;N21BTT:WDJT@QQ4IB8Z=
jason.edwards,>1A5RV>UKI>@Y6>4:FXIM
susan.rogers,:Y@/V3HZ8Z8NAKU7UD1K/
carl.castillo,CH5M1ODGCESA02>DFY023
joe.brown,35WGKBB27CTX4E<1>>IPW
paul.wilson,SD8JG;H0VLI30K/FYD;@D
nicholas.ward,AJNTUH0JB5U8LE?T?<:2;
ethan.parker,@:EI=Y?GLW0VYXUQ<A6K9
terry.morris,O@4>PT4MRVXFYQUK<LZM:
dylan.lee,WZLER1EGVIDPICSXU/<L6
johnny.foster,T0:WR4WUN73:34Y<1/6OE
alan.kelly,981ZG0H307D07S:0;AQFM
barbara.lopez,QRA42?UND8O5=KN;AVRE:
ruth.ruiz,ZZ4WHEP8=OFN219H7DN7/
benjamin.adams,V6T;IOKH1LI?RI58U5HC0
linda.johnson,UHUY617HBPYDHTIK/8LFS
randy.morgan,41J373C:NLQMSCU=@DAC2
debra.hughes,Q>?H@J9H8IHRDR66@XU8?
pamela.rogers,806<09:2J/?M7E/9MD3PM
jeffrey.morales,0KPM2HNOS3468G;/B;4U?
jeremy.ortiz,5=4QDLUQ3I/9Y2K=8@0XS
keith.reyes,WRVE5;MV;HLTONQQ71GCM
gerald.campbell,HUN8<XPMQ;JMWB@HSBYWR
angela.clark,IF/49PS2<S2F:XK9ZYF08
denise.hall,W?QDOI5L1FH06@3HLHZDI
steven.hall,OTH;0:IAV:DFND9RTQ?2G
bruce.jimenez,KJZ4/BGZ1H80@71TARS;Y
raymond.carter,TBO2GXC273<<V<LX77C6U
arthur.ramos,@S=8:2DQ4=0A@9QYRNIL/
joyce.jackson,RTYCGWL9@2U76:KV4@XWB
brittany.adams,2GQ4A@J1RO:HV/4PC3=QY
peter.ruiz,Y:YVOZXX=OU7PV:M?AB7P
kathryn.taylor,:;24G=HA5P804>4J/?1KL
katherine.thomas,Q26W/3P7IS62YXT3492=O
shirley.james,ZCQFSCHEL73=NZZ=@P2NX
catherine.johnson,UE3WDV87DKBCYC@<;IK4U
charlotte.carter,4<KY@QZ/QW2BVQ;B/TIE6
alexis.perez,G054AA:I<K5F>G@LR@874
jerry.price,HOOHX/L574JTJH=;YNE<A
madison.gray,/CFBFG1R@=4M>X;=NTM@D
alexander.lewis,PQXAT<85PMB=U2OLKUV4R
evelyn.lee,=6JHPOQ=YK6MR;CRH?JG3
elizabeth.reyes,1DGS?O71<@TCVG0?HDQD?
kevin.sanders,1I>>;J15:Y8EDFMGFFJR<
roger.castillo,@4B@=UZN>>99DKM1WQR;W
nicole.richardson,ZWN8NNED5U?PM8DP;6DKR
christina.smith,G5:SH5@1;5M2ECQ7R5<GS
carol.stewart,3FB=C5QY0YZZDP68YB/F6
rebecca.chavez,J4GPAY7AZ3W3EF9K>D0IN
john.brown,XR@T2=YCAIP6Q:CE1M>42
olivia.lee,3X:N6HNGS6T5DA<GK41JD
louis.nguyen,8EIO4KSTBK8301G3><X8H
kelly.brown,3O;XDS5P711CA6EHA==6G
charles.robinson,WH6S1W<5@AXL5R>VYRC6G
danielle.price,XCUQ=7N8JEH0QAX?/0529
samantha.evans,BN50EHE>LXSTQ<81M15G:
michael.morris,PBG3OO8C?FSSYACH:25LR
george.smith,VMDZFC86SHW8L3EUOZYMR
philip.howard,8H7P3CF;SWS<H5:X6WD?N
frank.castillo,S7EOFTI>PO?:/A64N@X>1
kyle.phillips,XBVT02@R>M?0A/9D>F/F:
walter.kelly,5ZBSLA/DUI7//?PX<ER>U
julie.rodriguez,;LGXWGYGQIDLR23/KQ112
frances.kim,PXKSBZ8HBI>Z;B8Q=ZJP0
joan.cox,FKTTQU93G/A?VCX16R6R2
christian.rogers,X28@@@95SIIT>LHIMHMBV
emma.wood,C<F>Z8P6<RO6SX@=8FACU
logan.anderson,E/1R9QDYW?XDMETJ<VI4Q
juan.martin,LUDIKBG/1/7300@BEZ>W:
brian.morris,D0IRUL1<RWIBM2>;G<VMW
karen.cruz,3SAOI6K90K;=R5>P::=8P
isabella.scott,UUNK1AGLH886WE@7CGIY<
stephanie.peterson,SR566VK7RXSYNMLL:@U9E
austin.johnson,T4QW7LA4Y6E/=Z7;G>YM/
amanda.clark,8AC10GJMTHISWH5WU04O2
brenda.kelly,ITXDG;JOEYW?S=WS@44RE
harold.johnson,QSWN15VMXFK0GK/017CU0
natalie.jackson,5RTA312V6U4BO30LFY5ZV
joshua.cook,;;THB<3P2P?=PQJ:R1H1B
christine.anderson,9F77AE9BB3/4P</5AWJQU
cynthia.taylor,C4Y0;>RGMKVZ9>YXZNHLW
jordan.rogers,75F99/396831T>Q7YB@YQ
jacqueline.campbell,BFTCHQ5BCIIEUBLPCSGGP
bobby.phillips,OVDLR5M7;YJTSD38<;YG=
stephen.hughes,O/2KS/4LR3>>/RDYQVDV7
ronald.rogers,>UE6LUT=R/47EER>@EMOC
ann.martinez,;1W3LOPAAM0C901GMJQ<Z
teresa.wilson,NHF41;7SWYV45GQ86O@:0
gabriel.alvarez,H5B0XC9FHICD/OS;9@UUI
ralph.gutierrez,7/2>Z0P0S2QX0QPL7V95O
brandon.lewis,?V:E==US=ZJR6TZI?P/AL
dennis.howard,9H2G0SSIE>FSG:T<DLRNV
doris.castillo,?K0KAG<K4V>R4/<W4B5JV
ryan.adams,>681TZUV9POPAHJL61TX4
anthony.rodriguez,/36055OTZBT8JX3:W/XN8
douglas.evans,BRO=F7WGIV;6R9LVDJWSU
noah.torres,NYMSSPA4ROGPWX0Y7L5AF
martha.lewis,RWNGU<F4E2URS<R<F1P<X
sharon.gonzales,9RJOP785YKLRD22Y17>3O
christopher.garcia,8JZU7SXY3;TP4J1@0P609
wayne.jones,DS:72MH@SM1NZC9@XIY?N
jonathan.diaz,L?4110>G>ZXSAMMOTISQB
jesse.gonzales,AV7@LHIS0>1M;9I7EEGPV
james.parker,UFF?BKNV5MXCUN@CF@F8N
sara.adams,H755KC2JMYX6/:47A<17;
heather.castillo,/=S080V4ZHM;IZ8C/83<B
samuel.johnson,8>:KDTPUP:EDW?MTBWP8<
michelle.bailey,SGM553A;@FW<UNQRXQN/<
virginia.rivera,4M<EG0NNFCAKHSUCXEQR=
lauren.hill,418WZ5FDE3P;<HU=XQD;0
roy.parker,0U5:JQF55YLX::F=ZJ891
